1,Corabella,cpalfree0@acquirethisname.com,Female
2,Gerek,gsivills1@patch.com,Male
3,Munmro,mleake2@gravatar.com,Male
4,Jandy,jinnerstone3@springer.com,Female
5,Briny,bcunniff4@zimbio.com,Female
6,Harris,hselliman5@pbs.org,Male
7,Pam,pgiddons6@t-online.de,Female
8,Lyn,lkohrs7@guardian.co.uk,Male
9,Rossy,rshilton8@go.com,Male
10,Janis,jfaucherand9@accuweather.com,Female
11,Irene,iburchella@time.com,Female
12,Seline,skilliamb@ning.com,Female
13,Georgia,ggerckec@unblog.fr,Female
14,Valli,vmozzettid@discovery.com,Female
15,Joline,jcleavese@histats.com,Female
16,Godard,gthynnf@wikispaces.com,Male
17,Amalee,aprobyng@alibaba.com,Female
18,Shaine,sbiddlesh@ustream.tv,Male
19,Serene,scoppocki@e-recht24.de,Female
20,Daisey,dnovelloj@1und1.de,Female
21,Sadie,snilandk@hhs.gov,Female
22,Randy,rdebruijnl@berkeley.edu,Male
23,Farley,fborrettm@nymag.com,Male
24,Danna,dcandlishn@uiuc.edu,Female
25,Vittoria,vheddano@about.com,Genderqueer
26,Krispin,kmorenap@thetimes.co.uk,Male
27,Grenville,gmachargq@scientificamerican.com,Male
28,Kandy,kdickensr@vk.com,Female
29,Tamqrah,twensleys@accuweather.com,Female
30,Dena,ddoghartiet@shop-pro.jp,Female
31,Roderigo,rsallau@eepurl.com,Male
32,Mason,melbournev@gov.uk,Male
33,Den,ddiruggierow@walmart.com,Male
34,Sibilla,sbywaterx@statcounter.com,Female
35,Read,rprinnetty@csmonitor.com,Male
36,Julee,jwhightz@hhs.gov,Female
37,Zsazsa,zmaytum10@nhs.uk,Female
38,Odilia,ostearndale11@about.com,Female
39,Palmer,pthicking12@msn.com,Male
40,Maryann,mbarritt13@elegantthemes.com,Female
41,Bamby,benser14@biglobe.ne.jp,Non-binary
42,Torrin,tlundberg15@time.com,Male
43,Page,psmellie16@shareasale.com,Male
44,Eddie,eigglesden17@hud.gov,Female
45,Benedikta,blodwig18@microsoft.com,Female
46,Ofella,obartlomiejczyk19@cmu.edu,Female
47,Dani,devitts1a@dmoz.org,Agender
48,Skylar,shadrill1b@adobe.com,Male
49,Kimberli,kzannini1c@independent.co.uk,Female
50,Nancey,nroyden1d@google.ru,Non-binary
51,Taddeusz,tboxer1e@addtoany.com,Male
52,Venus,vfawdery1f@comcast.net,Female
53,Barnard,bboothman1g@cocolog-nifty.com,Male
54,Tucky,tparnham1h@privacy.gov.au,Male
55,Mamie,mcarlaw1i@jimdo.com,Female
56,Chalmers,cnisard1j@reverbnation.com,Male
57,Innis,ievery1k@ucla.edu,Male
58,Vinnie,vmangham1l@bravesites.com,Male
59,Rolph,raddekin1m@cyberchimps.com,Male
60,Aldwin,acomini1n@vistaprint.com,Male
61,Mylo,mmeys1o@unicef.org,Male
62,Terrill,tfaltin1p@ow.ly,Male
63,Emylee,escotsbrook1q@cbslocal.com,Female
64,Alphonse,amelato1r@privacy.gov.au,Male
65,Rafaelita,rtilburn1s@facebook.com,Female
66,Kaitlyn,kfullerlove1t@omniture.com,Female
67,Toby,toldfieldcherry1u@vk.com,Female
68,Rafael,rbrauner1v@qq.com,Male
69,Merl,mmingardi1w@blinklist.com,Female
70,Deanne,dsandwich1x@sakura.ne.jp,Female
71,Wald,wmacane1y@livejournal.com,Male
72,Wynny,wormistone1z@lycos.com,Female
73,Rip,rselland20@unblog.fr,Male
74,Loreen,lstafford21@youtu.be,Female
75,Jesus,jgoodboddy22@cocolog-nifty.com,Male
76,Chelsy,cshawl23@cafepress.com,Female
77,Emmy,eelfes24@independent.co.uk,Female
78,Kalle,kgeere25@weebly.com,Male
79,Jae,jtreadwell26@addtoany.com,Male
80,Michaela,mmcclaren27@digg.com,Female
81,Giacobo,gdavidovicz28@gizmodo.com,Male
82,Taddeo,tallans29@bbc.co.uk,Male
83,Amandy,ahannigane2a@zdnet.com,Female
84,Bride,bfarrey2b@goo.ne.jp,Female
85,Marika,mhatt2c@github.io,Female
86,Herminia,hprest2d@qq.com,Female
87,Hardy,hruncieman2e@creativecommons.org,Male
88,Rosette,rhaggus2f@samsung.com,Female
89,Mahmoud,mrate2g@php.net,Male
90,Othilie,osherrington2h@chronoengine.com,Female
91,Hartwell,hyurchenko2i@admin.ch,Male
92,Graehme,ghebdon2j@cbsnews.com,Male
93,Sarge,svowden2k@jigsy.com,Male
94,Sidney,sclementi2l@jugem.jp,Male
95,Dolorita,dpomphrett2m@addthis.com,Female
96,Desiri,dgarshore2n@tuttocitta.it,Genderqueer
97,Cliff,cziehm2o@google.de,Male
98,Slade,ssindell2p@domainmarket.com,Male
99,Web,wgiffen2q@accuweather.com,Male
100,Engelbert,eharg2r@go.com,Male
101,Milty,msarath2s@chronoengine.com,Male
102,Nickey,npurchon2t@abc.net.au,Male
103,Avie,abonass2u@nba.com,Female
104,Aldwin,akemmet2v@addtoany.com,Male
105,Jonie,jreuss2w@list-manage.com,Female
106,Norman,nelstone2x@irs.gov,Male
107,Clayson,cacome2y@friendfeed.com,Bigender
108,Eveleen,eallsop2z@ustream.tv,Agender
109,Paco,pkeasey30@istockphoto.com,Non-binary
110,Alvy,avoller31@yellowbook.com,Polygender
111,Gibb,gbudge32@cbslocal.com,Male
112,Vic,vmalloch33@dion.ne.jp,Male
113,Orlan,ojupe34@mozilla.com,Male
114,Rochell,rfitzgilbert35@dailymail.co.uk,Female
115,Shena,splumbridge36@mysql.com,Female
116,Denys,deich37@nih.gov,Female
117,Austin,afarfull38@imgur.com,Female
118,Flinn,floggie39@google.es,Male
119,Eydie,egoldenofireland3a@t-online.de,Female
120,Mira,mlightoller3b@jugem.jp,Female
121,Gerta,gmaddock3c@nationalgeographic.com,Female
122,Theresa,tpellissier3d@angelfire.com,Female
123,Monika,mskelington3e@nasa.gov,Non-binary
124,Jen,jmoneypenny3f@devhub.com,Female
125,Ernestus,estubbes3g@cnbc.com,Male
126,Jorey,jstillgoe3h@ow.ly,Female
127,Hammad,hprowse3i@mozilla.org,Male
128,Lanie,lmicheau3j@t.co,Male
129,Petra,pbidder3k@ehow.com,Female
130,Dud,dglashby3l@comsenz.com,Male
131,Ingaborg,irojas3m@1688.com,Female
132,Alaric,afiggs3n@bloglovin.com,Non-binary
133,Jesse,jcardus3o@cnet.com,Male
134,Terrance,tthornthwaite3p@woothemes.com,Male
135,Allard,aaspell3q@yelp.com,Male
136,Linzy,lbodill3r@shinystat.com,Female
137,Aurilia,adrillingcourt3s@nba.com,Female
138,Matelda,mohear3t@issuu.com,Bigender
139,Olympie,ohateley3u@nationalgeographic.com,Agender
140,Elizabeth,eschutter3v@ocn.ne.jp,Polygender
141,Jayme,jrenton3w@infoseek.co.jp,Male
142,Yurik,yatwell3x@symantec.com,Male
143,Ginny,gsams3y@mashable.com,Female
144,Kienan,klavall3z@ftc.gov,Non-binary
145,Johannes,jflude40@va.gov,Agender
146,Basil,bgilhooly41@newyorker.com,Agender
147,Cloe,cantushev42@wired.com,Female
148,Cristen,cwalstow43@usda.gov,Female
149,Pavia,pzielinski44@posterous.com,Female
150,Idalia,ifensome45@weather.com,Female
151,Benni,bkrimmer46@chicagotribune.com,Female
152,Evey,edonet47@thetimes.co.uk,Female
153,Karola,kstrutton48@vinaora.com,Female
154,Lavinia,lpieracci49@surveymonkey.com,Female
155,Virgilio,vtaggert4a@gizmodo.com,Male
156,Verine,vschapiro4b@acquirethisname.com,Female
157,Armando,ascriven4c@businessinsider.com,Male
158,Rosaline,rgrinnov4d@amazonaws.com,Female
159,Elayne,efalshaw4e@creativecommons.org,Female
160,Gordy,gharrington4f@pagesperso-orange.fr,Non-binary
161,Evelyn,egarriock4g@dyndns.org,Male
162,Jemmie,jsaul4h@instagram.com,Female
163,Bertie,bcockburn4i@about.com,Male
164,Guntar,gjeacocke4j@springer.com,Male
165,Yves,ygladwell4k@washington.edu,Male
166,Kalindi,kthreadkell4l@mozilla.org,Female
167,Joanie,jofogerty4m@google.co.uk,Female
168,Veda,vcordel4n@howstuffworks.com,Female
169,Jimmie,jdepaoli4o@aol.com,Male
170,Emelda,ecairney4p@slideshare.net,Female
171,Gian,gdunkerley4q@stumbleupon.com,Male
172,Gabriela,ghenden4r@salon.com,Female
173,Wildon,wfosserd4s@chron.com,Male
174,Ethe,emccaskill4t@skype.com,Male
175,Charley,cpilkington4u@toplist.cz,Male
176,Bartram,bbrisco4v@cafepress.com,Male
177,Worthington,wpatnelli4w@elpais.com,Male
178,Darsie,dbratch4x@sciencedaily.com,Female
179,Micheal,mgathercole4y@rakuten.co.jp,Male
180,Delmore,dowen4z@bloglines.com,Male
181,Kata,knisbet50@linkedin.com,Female
182,Ania,askures51@accuweather.com,Female
183,Salomon,schat52@ox.ac.uk,Male
184,Ilise,igwin53@squarespace.com,Genderqueer
185,Liz,lklimmek54@vistaprint.com,Female
186,Levi,lgossage55@cocolog-nifty.com,Male
187,Dasi,dferrelli56@nifty.com,Female
188,Winny,wmation57@usgs.gov,Female
189,Prisca,ponge58@tripadvisor.com,Female
190,Darill,dshenfisch59@state.tx.us,Male
191,Etty,eizak5a@etsy.com,Female
192,Sylas,svise5b@independent.co.uk,Male
193,Eolande,ecaswall5c@noaa.gov,Bigender
194,Rey,radame5d@bandcamp.com,Male
195,Hernando,hbrearton5e@rakuten.co.jp,Male
196,Odele,ograundisson5f@twitter.com,Female
197,Tull,theyworth5g@baidu.com,Male
198,Gonzales,gatmore5h@ocn.ne.jp,Male
199,Noelle,nbyard5i@baidu.com,Female
200,Violante,vgardner5j@desdev.cn,Female
201,Buiron,bbortolomei5k@springer.com,Male
202,Sonny,sconcannon5l@google.com.br,Male
203,Rosco,rdabbs5m@desdev.cn,Male
204,Ivor,itelega5n@is.gd,Male
205,Adriena,aghione5o@spotify.com,Female
206,Erich,eburden5p@toplist.cz,Male
207,Caesar,cweinberg5q@princeton.edu,Male
208,Ursa,urobardet5r@addtoany.com,Female
209,Garrik,gzamudio5s@indiatimes.com,Male
210,Gifford,gfroschauer5t@stanford.edu,Bigender
211,Beltran,bbanker5u@webeden.co.uk,Male
212,Rhonda,repsly5v@stumbleupon.com,Female
213,Chris,cogilvie5w@fema.gov,Male
214,Brit,bfarlowe5x@bravesites.com,Male
215,Perren,pjira5y@chron.com,Male
216,Devy,dcornford5z@blog.com,Male
217,Rosalia,rchaffen60@aboutads.info,Female
218,Eveleen,egiorgioni61@amazon.com,Female
219,Monika,mdurward62@google.ca,Female
220,Darius,dthurlbeck63@people.com.cn,Male
221,Timothy,tbonin64@slate.com,Male
222,Euell,elangstaff65@gov.uk,Male
223,Derrik,djeannin66@ovh.net,Male
224,Stormy,sgeeves67@sakura.ne.jp,Bigender
225,Con,cheyworth68@desdev.cn,Male
226,Tristan,tottam69@yolasite.com,Male
227,Tyrone,tshillabeare6a@nifty.com,Male
228,Ichabod,ibillett6b@yale.edu,Bigender
229,Nial,nhanley6c@ftc.gov,Male
230,Ruperta,rgeldeford6d@creativecommons.org,Female
231,Waldemar,weasey6e@vistaprint.com,Non-binary
232,Leticia,lslator6f@cam.ac.uk,Female
233,Benjie,bcowing6g@netscape.com,Male
234,Aland,astock6h@ihg.com,Male
235,Aylmer,apaslow6i@adobe.com,Male
236,Sayers,smaccallester6j@newsvine.com,Male
237,Caresa,crigmond6k@elegantthemes.com,Bigender
238,Muffin,mbrogden6l@1und1.de,Male
239,Brade,bgerger6m@webnode.com,Male
240,Winona,wrenak6n@tripod.com,Female
241,Sandie,stonry6o@goo.ne.jp,Female
242,Evelin,edavidove6p@cisco.com,Male
243,Ab,arizzo6q@oaic.gov.au,Male
244,Agatha,aglason6r@typepad.com,Female
245,Stearn,sblunderfield6s@state.gov,Male
246,Manolo,minchcomb6t@blogs.com,Male
247,Fabien,fmaccallister6u@fema.gov,Male
248,Morly,mtomek6v@ameblo.jp,Male
249,Hamil,hlampett6w@stanford.edu,Bigender
250,Pearle,pkeenor6x@webs.com,Female
251,Vaughan,vwharrier6y@wsj.com,Male
252,Mathilda,mhillborne6z@gizmodo.com,Female
253,Scarlett,sprimrose70@newyorker.com,Female
254,Clarence,cyaus71@stumbleupon.com,Male
255,Lonee,lfero72@europa.eu,Female
256,Mildred,mdelacroix73@prnewswire.com,Female
257,Aldo,avowell74@fotki.com,Male
258,Alexi,asyphus75@cnn.com,Female
259,Isabelle,igrasser76@washington.edu,Non-binary
260,Cissy,cdunbleton77@t-online.de,Female
261,Bettina,bmarriner78@rediff.com,Female
262,Ignace,ilantaph79@sfgate.com,Male
263,Hewie,hclaw7a@joomla.org,Polygender
264,Allis,asomerfield7b@live.com,Female
265,Aleksandr,aloody7c@cpanel.net,Male
266,Marigold,mcullen7d@yolasite.com,Female
267,Feodor,fbly7e@edublogs.org,Agender
268,Packston,pcoundley7f@google.cn,Male
269,Simonette,sponnsett7g@pagesperso-orange.fr,Female
270,Lorenza,ljosilevich7h@nbcnews.com,Female
271,Hinze,hboulstridge7i@etsy.com,Male
272,Sal,sjoslyn7j@constantcontact.com,Male
273,Ettore,emistry7k@hostgator.com,Non-binary
274,Ashil,aselby7l@amazonaws.com,Female
275,Garwood,gshimmings7m@cdc.gov,Male
276,Randa,rbeardsley7n@go.com,Female
277,Kim,kmillard7o@aol.com,Female
278,Fonzie,fthacker7p@so-net.ne.jp,Male
279,Joyce,jdaykin7q@accuweather.com,Female
280,Jocko,jmakiver7r@constantcontact.com,Male
281,Carlen,cgadsden7s@cbc.ca,Female
282,Bennett,bdugmore7t@cpanel.net,Male
283,Tandie,tyate7u@java.com,Female
284,Catlaina,cmourgue7v@vistaprint.com,Female
285,Larissa,lreboulet7w@comsenz.com,Female
286,Silvain,scroson7x@buzzfeed.com,Male
287,Kameko,kducham7y@nytimes.com,Female
288,Tansy,thewertson7z@npr.org,Agender
289,Melvyn,mabramcik80@live.com,Male
290,Bernard,bolongain81@whitehouse.gov,Male
291,Travus,tstallybrass82@globo.com,Male
292,Harman,hmineghelli83@parallels.com,Male
293,Calhoun,ceddleston84@mail.ru,Male
294,Anthe,amanuely85@nyu.edu,Genderqueer
295,Leisha,lsuccamore86@mapquest.com,Female
296,Gwenora,gmeak87@npr.org,Genderqueer
297,Joey,jsandilands88@springer.com,Female
298,Brooks,bagirre89@taobao.com,Male
299,Stu,stoyer8a@mtv.com,Male
300,Eben,emelato8b@ucoz.com,Male
301,Sigismond,stooker8c@illinois.edu,Male
302,Abie,ahurnell8d@ameblo.jp,Male
303,Kenneth,kstodd8e@dropbox.com,Male
304,Anet,aribchester8f@surveymonkey.com,Female
305,Minta,mhardiman8g@blogs.com,Female
306,Kathe,ksurman8h@prweb.com,Female
307,Fredericka,fthoresbie8i@opensource.org,Female
308,Stafani,sgremane8j@wisc.edu,Female
309,Winnah,wbolver8k@intel.com,Female
310,Michelle,msaxon8l@yahoo.co.jp,Female
311,Doretta,dgadsden8m@topsy.com,Female
312,Heinrik,harkell8n@chronoengine.com,Male
313,Eldredge,ebolley8o@yahoo.com,Male
314,Sloane,smathou8p@merriam-webster.com,Genderfluid
315,Norry,nashbee8q@godaddy.com,Male
316,Garrard,gwrey8r@zimbio.com,Male
317,Gertrudis,gswetman8s@house.gov,Female
318,Brendis,bskedgell8t@google.co.jp,Male
319,Buck,bcritzen8u@yandex.ru,Male
320,Ann-marie,acrellim8v@artisteer.com,Female
321,Luise,lpittam8w@census.gov,Female
322,Cassy,coehme8x@paypal.com,Female
323,Augy,atofful8y@opera.com,Male
324,Chaim,cpacitti8z@techcrunch.com,Male
325,Norton,nroantree90@upenn.edu,Male
326,Dunn,dlinnard91@chicagotribune.com,Male
327,Kristine,kbeadham92@dot.gov,Agender
328,Cammy,cdrewet93@sphinn.com,Female
329,Artair,amelross94@pen.io,Male
330,Zebulen,zlusher95@nyu.edu,Genderfluid
331,Berte,bnairne96@mit.edu,Female
332,Nap,ngottschalk97@icq.com,Male
333,Husein,hweekland98@mlb.com,Male
334,Timi,tbettenay99@51.la,Female
335,Darb,dclough9a@1688.com,Male
336,Keslie,kpockey9b@umn.edu,Female
337,Antonius,aselvey9c@booking.com,Male
338,Care,cdrissell9d@jigsy.com,Male
339,Nappy,ngason9e@taobao.com,Male
340,Ivie,iwigin9f@t.co,Female
341,Ase,aorman9g@sun.com,Genderfluid
342,Aubert,arosina9h@uiuc.edu,Male
343,Maureen,mliccardi9i@mlb.com,Female
344,Ode,orittmeier9j@google.co.uk,Male
345,Issy,iglazyer9k@paypal.com,Female
346,Welch,wporteous9l@4shared.com,Male
347,Avery,alambert9m@stumbleupon.com,Male
348,Filmer,felward9n@paypal.com,Male
349,Deni,dscafe9o@mapy.cz,Female
350,Gris,gspurgeon9p@booking.com,Male
351,Fanchon,fharring9q@infoseek.co.jp,Agender
352,Mareah,mpickance9r@canalblog.com,Female
353,Angeline,agrazier9s@un.org,Female
354,Clementina,clawrenceson9t@usa.gov,Genderfluid
355,Mead,msaint9u@youku.com,Female
356,Elladine,ebamber9v@umn.edu,Female
357,Giles,gpestricke9w@ibm.com,Male
358,Averil,asmallpeice9x@squarespace.com,Male
359,Howie,hcostigan9y@icq.com,Male
360,Wyatt,wlenoir9z@telegraph.co.uk,Polygender
361,Aile,amattiaccia0@fema.gov,Female
362,Alanna,ajimpsona1@howstuffworks.com,Female
363,Harmonia,hmessenta2@ft.com,Female
364,Dionis,dbasterfielda3@samsung.com,Bigender
365,Florentia,fcurragha4@diigo.com,Genderqueer
366,Maggee,mlambirtha5@feedburner.com,Female
367,Maxy,mrendbaeka6@washingtonpost.com,Male
368,Vance,vtempesta7@istockphoto.com,Agender
369,Filmer,fokeya8@pen.io,Male
370,Riva,rdevonsidea9@google.com,Female
371,Sonya,srowataa@altervista.org,Female
372,Robinett,rprestlandab@cargocollective.com,Female
373,Bradney,bsheriffac@unicef.org,Male
374,Alecia,apegdenad@gnu.org,Female
375,Wenona,wghidettiae@bigcartel.com,Female
376,Malorie,mandrieuxaf@bluehost.com,Female
377,Cyrus,cjagielloag@salon.com,Male
378,Warner,wastleyah@google.co.jp,Male
379,Gabriello,gpatiseai@senate.gov,Male
380,Artair,abygraveaj@w3.org,Male
381,Rolando,rgiacoppoak@washingtonpost.com,Male
382,Bruis,bsuthworthal@cbc.ca,Male
383,Mariquilla,mfairholmam@auda.org.au,Female
384,Amby,amcnevinan@bravesites.com,Male
385,Carter,cluquetao@cdc.gov,Male
386,Wolfgang,woneilap@behance.net,Male
387,Sig,smurdenaq@paypal.com,Male
388,Wendel,wskeatar@comsenz.com,Genderqueer
389,Rosco,rnetleyas@php.net,Male
390,Flory,fpobjayat@cargocollective.com,Male
391,Zachary,zgillanau@msn.com,Male
392,Keen,khemphallav@creativecommons.org,Male
393,Glynis,gwoolmeraw@reuters.com,Female
394,Evelina,elivingstonax@hud.gov,Female
395,Leroi,ldudleyay@technorati.com,Male
396,Jase,jmarchmentaz@nature.com,Male
397,Annabel,abennellb0@last.fm,Non-binary
398,Renate,rcormodeb1@youtube.com,Female
399,Gillian,grodbourneb2@scribd.com,Agender
400,Ronald,rpeglerb3@vk.com,Male
401,Inge,isansomeb4@sfgate.com,Female
402,Rona,rkuhnertb5@constantcontact.com,Agender
403,Brewer,bduvalb6@twitter.com,Male
404,Flemming,fortnerb7@gov.uk,Male
405,Vittorio,vpauelb8@unesco.org,Male
406,Cristionna,ctizardb9@jigsy.com,Female
407,Violetta,vulyetba@wisc.edu,Female
408,Lauri,lbothamsbb@harvard.edu,Female
409,Robbie,rselwynbc@cloudflare.com,Male
410,Den,dreskellybd@opensource.org,Male
411,Lev,latkirkbe@noaa.gov,Male
412,Dayna,ddealeybf@washington.edu,Female
413,Harcourt,hgibbbg@oracle.com,Male
414,Zorine,zgelderdbh@live.com,Female
415,Kirsteni,kdellerbi@ox.ac.uk,Female
416,Bennie,bloudwellbj@storify.com,Male
417,Wat,wsecretanbk@irs.gov,Male
418,Debra,dwheelbandbl@omniture.com,Female
419,Gillian,gchurchingbm@cisco.com,Female
420,Marianne,mfernezbn@gov.uk,Female
421,Carlye,cdursleybo@artisteer.com,Female
422,Gwenny,gchappelbp@newsvine.com,Female
423,Birch,bspuffardbq@acquirethisname.com,Male
424,Mercy,mcroysdalebr@wsj.com,Female
425,Albert,abummfreybs@reuters.com,Male
426,Odille,ogarzabt@plala.or.jp,Female
427,Dimitry,dlayebu@cbslocal.com,Male
428,Barbee,bgeeringbv@netlog.com,Female
429,Christoper,clevinsbw@wunderground.com,Male
430,Adina,asykorabx@cloudflare.com,Female
431,Celisse,cschenkelby@t-online.de,Female
432,Cross,cslucockbz@zdnet.com,Agender
433,Barbee,bbavisterc0@odnoklassniki.ru,Female
434,Druci,dcawtec1@yellowpages.com,Polygender
435,Svend,ssobieskic2@apache.org,Male
436,Skylar,smallindinec3@smugmug.com,Male
437,Alika,ateaserc4@abc.net.au,Female
438,Valentino,vbiasiolic5@jiathis.com,Male
439,Giselbert,ggouinlockc6@discuz.net,Male
440,Elliott,eantonognolic7@merriam-webster.com,Male
441,Cristina,cbracec8@amazonaws.com,Female
442,Benjamin,bscadc9@opera.com,Male
443,Brice,bfulleyloveca@techcrunch.com,Male
444,Etheline,estubbecb@example.com,Female
445,Rolf,rhorseycc@yandex.ru,Male
446,Jasmine,jsillycd@usda.gov,Female
447,Alix,akobpace@wired.com,Male
448,Elvis,ejindrakcf@usa.gov,Male
449,Virgie,vkleinmintzcg@oakley.com,Female
450,Bordy,bskonech@npr.org,Male
451,Northrop,ncolquhounci@disqus.com,Male
452,Brynn,braynorcj@bloomberg.com,Female
453,Danila,dcarmanck@google.de,Female
454,Grazia,gandrewcl@sourceforge.net,Non-binary
455,Shurlocke,sbesekecm@icq.com,Male
456,Edward,ebossecn@joomla.org,Agender
457,Hamel,hwarmishamco@cbc.ca,Male
458,Andris,adidsburycp@amazon.co.jp,Male
459,Zea,zemblingcq@amazon.co.jp,Female
460,Aluin,agatercr@goo.gl,Male
461,Karney,kcapozzics@independent.co.uk,Male
462,Kyrstin,kbrettelct@discovery.com,Female
463,Raff,rbonettcu@squarespace.com,Male
464,Carina,cdorncv@feedburner.com,Female
465,Maribeth,mgreiswoodcw@hp.com,Female
466,Claybourne,crolinsoncx@blog.com,Male
467,Monty,msodacy@yale.edu,Male
468,Juliette,jricoldcz@thetimes.co.uk,Female
469,Mead,mfleoted0@engadget.com,Female
470,Ora,owillmontd1@amazon.co.jp,Female
471,Dulcy,dboord2@baidu.com,Female
472,Claudell,cprobartd3@youtube.com,Male
473,Roby,rroundingd4@who.int,Female
474,Celestina,cmionid5@slashdot.org,Female
475,Inge,ibrimleyd6@de.vu,Polygender
476,Marty,mmidnerd7@merriam-webster.com,Male
477,Chelsey,crambled8@latimes.com,Female
478,Collin,ckharchinskid9@facebook.com,Male
479,Collen,cposenda@state.tx.us,Genderqueer
480,Shalom,sprigmoredb@is.gd,Male
481,Anatollo,aroscamdc@weibo.com,Male
482,Roth,rhargatedd@goo.gl,Male
483,Rockwell,rgounetde@oakley.com,Male
484,Tersina,tgoodfielddf@intel.com,Non-binary
485,Marietta,mgabaladg@ucla.edu,Male
486,Welsh,wsealedh@bluehost.com,Male
487,Mary,mkellockdi@i2i.jp,Bigender
488,Herschel,hkettemandj@dmoz.org,Male
489,Carolan,cniasdk@i2i.jp,Female
490,Aldwin,alaughlindl@pen.io,Male
491,Adelle,afirpidm@creativecommons.org,Female
492,Vicky,vgwillimdn@networksolutions.com,Female
493,Marv,mbeneditedo@amazon.de,Male
494,Gaylord,gmateuszczykdp@marketwatch.com,Male
495,Gladi,gmayoraldq@nih.gov,Female
496,Eward,epozzodr@sciencedaily.com,Male
497,Lizabeth,lvacherds@wordpress.com,Female
498,Ibbie,ichowndt@hp.com,Female
499,Cymbre,croddendu@ovh.net,Female
500,Garik,gjacobidv@boston.com,Male
501,Zara,zjenkinsdw@youtu.be,Female
502,Abigale,ajermydx@amazonaws.com,Female
503,Caryl,cmowsleydy@examiner.com,Female
504,Rianon,rcannondz@cargocollective.com,Female
505,Thibaut,telforde0@aol.com,Male
506,Kiele,khelsbye1@livejournal.com,Female
507,Zach,zdibbine2@webmd.com,Male
508,Hyacintha,hmepstede3@google.it,Female
509,May,mmurrhardte4@state.tx.us,Female
510,Fawn,fweisse5@oracle.com,Female
511,Pepe,phebbarde6@dmoz.org,Agender
512,Garrett,gtithere7@weibo.com,Male
513,Milly,mmattionie8@marketwatch.com,Female
514,Jarrid,jcreanye9@github.io,Male
515,Monroe,myerbornea@narod.ru,Male
516,Roxie,rpalmereb@bigcartel.com,Female
517,Serene,sabramzonec@hexun.com,Female
518,Timoteo,twiltshawed@ucoz.com,Male
519,Rennie,rferryee@opensource.org,Female
520,Jilli,jomulderrigef@istockphoto.com,Female
521,Timothy,tmuschetteeg@soundcloud.com,Male
522,Klaus,kmorettoeh@independent.co.uk,Male
523,Clemmy,ccopplestoneei@cmu.edu,Male
524,Delmor,dmacaindreisej@vistaprint.com,Male
525,Ninette,nfilpoek@instagram.com,Female
526,Hubert,hokaneel@github.io,Male
527,Clo,cjaineem@yellowbook.com,Polygender
528,De,dbillsen@ezinearticles.com,Female
529,Gorden,gskermeeo@pcworld.com,Male
530,Earle,ebaileep@latimes.com,Agender
531,Leslie,lhuddyeq@rakuten.co.jp,Male
532,Violet,vedmundser@pen.io,Female
533,Walther,walphonsoes@arizona.edu,Male
534,Andris,ajosskovizet@rediff.com,Male
535,Artus,abuddingeu@craigslist.org,Genderqueer
536,Jacquetta,jsurgenerev@tinypic.com,Female
537,Torr,teddowesew@hao123.com,Male
538,Alfredo,abillisonex@devhub.com,Genderfluid
539,Lutero,lfurmedgeey@washington.edu,Male
540,Guthrey,gkelceyez@shop-pro.jp,Male
541,Chanda,cscaleraf0@sina.com.cn,Female
542,Ashely,afarquarf1@nba.com,Female
543,Horst,hshillingtonf2@exblog.jp,Male
544,Gertruda,gstanleyf3@stumbleupon.com,Non-binary
545,Delphinia,dpotapczukf4@purevolume.com,Female
546,Debbie,dbaisonf5@dell.com,Female
547,Giralda,gdilletf6@weather.com,Genderfluid
548,Mallory,mtolumellof7@meetup.com,Female
549,Binky,bcorbittf8@github.com,Male
550,Kent,khamalf9@sun.com,Male
551,Madelon,mcobleighfa@cargocollective.com,Genderqueer
552,Emerson,epickstonfb@ning.com,Genderqueer
553,Pepillo,ppadrickfc@umich.edu,Male
554,Elise,eszanthofd@shareasale.com,Female
555,Kailey,kkubicekfe@marketwatch.com,Female
556,Leeanne,lscinelliff@nymag.com,Polygender
557,Blondell,bschlagtmansfg@baidu.com,Bigender
558,Xerxes,xastlattfh@microsoft.com,Male
559,Hayden,hskillfi@angelfire.com,Male
560,Lettie,lstripplingfj@smugmug.com,Female
561,Chelsea,cpizerfk@goodreads.com,Female
562,Ailsun,arichlyfl@google.com.br,Female
563,Sissy,sdebischoffm@washington.edu,Female
564,Montague,mmonellifn@jugem.jp,Male
565,Ignatius,icanasfo@ted.com,Male
566,Carmen,cfieldhousefp@mapy.cz,Female
567,Denney,dsumnallfq@utexas.edu,Polygender
568,Tracy,tcheelfr@samsung.com,Female
569,Jessie,jsuddickfs@desdev.cn,Male
570,Sigmund,sbridywaterft@wordpress.com,Male
571,Murray,mhemerijkfu@independent.co.uk,Male
572,Vladamir,vfitchfv@delicious.com,Male
573,Esme,etarnfw@google.cn,Male
574,Kale,kgaskenfx@cocolog-nifty.com,Male
575,Jay,jkhadirfy@taobao.com,Genderqueer
576,Dorise,dlarawayfz@opera.com,Female
577,Sam,ssnooksg0@netlog.com,Male
578,Beau,bshrubbg1@cmu.edu,Male
579,Niki,nhalmking2@redcross.org,Female
580,Robbie,rcristoforig3@bravesites.com,Female
581,Toddie,tgeareg4@goo.gl,Bigender
582,Frazier,fpoddg5@trellian.com,Male
583,Teddie,trivelg6@tmall.com,Male
584,Celestyna,cburneg7@sciencedirect.com,Female
585,Christen,cpolyeg8@zimbio.com,Female
586,Olympia,ogourlayg9@livejournal.com,Female
587,Crysta,cvaleroga@sitemeter.com,Female
588,Arny,asmurfitgb@facebook.com,Male
589,Bell,bdugallgc@godaddy.com,Female
590,Kerby,kneygd@vinaora.com,Male
591,Bard,bnutonge@1688.com,Male
592,Inna,idufouregf@webs.com,Female
593,Vida,vbellordgg@harvard.edu,Female
594,Danyelle,dmillthorpegh@kickstarter.com,Female
595,Margarita,msweetmangi@sphinn.com,Female
596,Vince,vbeddallgj@soundcloud.com,Male
597,Ewen,edreamergk@dailymail.co.uk,Genderfluid
598,Glynda,garrowsmithgl@purevolume.com,Female
599,Gypsy,gtimblettgm@51.la,Female
600,Zara,zthawgn@prlog.org,Female
601,Cindie,cfriedenbachgo@blinklist.com,Female
602,Daisy,dtregaskisgp@mashable.com,Female
603,Ignaz,ibowheygq@about.com,Male
604,Wait,wpitbladdogr@google.it,Male
605,Fraser,fmackimmgs@cocolog-nifty.com,Male
606,Stefan,sbaylessgt@patch.com,Male
607,Marcello,mhaggasgu@list-manage.com,Genderfluid
608,Andria,asimonyigv@vimeo.com,Female
609,Troy,trizzottogw@geocities.com,Male
610,Clare,citzhakgx@prnewswire.com,Female
611,Florie,favarnegy@mapquest.com,Agender
612,Rory,rbissikergz@scientificamerican.com,Polygender
613,Penny,ppeatth0@wikimedia.org,Female
614,Marybeth,mmallanh1@symantec.com,Female
615,Hagen,hpiersh2@pen.io,Male
616,Mickie,mchildeh3@slate.com,Male
617,Arnoldo,adeakinh4@fotki.com,Male
618,Jethro,jangrich5@live.com,Male
619,Coreen,cgandleyh6@cbslocal.com,Female
620,Zacharie,zdripph7@theguardian.com,Male
621,Karina,kmunginh8@shop-pro.jp,Female
622,Nye,nwycliffeh9@godaddy.com,Male
623,Michell,malleynha@google.ca,Female
624,Ernest,ejaggarhb@yellowbook.com,Male
625,Cosme,cinnotthc@yahoo.com,Male
626,Sybilla,smcmakinhd@youtu.be,Female
627,Francklin,fkleinsteinhe@nytimes.com,Male
628,Gregg,glyfehf@smh.com.au,Male
629,Dur,dmowlinghg@gmpg.org,Male
630,Genni,gbeagleshh@aol.com,Female
631,Adams,akynastonehi@surveymonkey.com,Male
632,Clarke,csymondsonhj@guardian.co.uk,Agender
633,Roscoe,rbestehk@ezinearticles.com,Genderfluid
634,Mae,msummerellhl@indiatimes.com,Female
635,Gib,gbewickhm@flickr.com,Male
636,Lester,lorgenhn@themeforest.net,Male
637,Theadora,tdmisekho@amazon.com,Female
638,Elvis,etrebbetthp@accuweather.com,Male
639,Giustina,ghallhq@dot.gov,Female
640,York,ychinnockhr@people.com.cn,Non-binary
641,Adena,aemetths@theatlantic.com,Female
642,Ardith,asorelht@ucoz.com,Female
643,Lynnette,lmullanhu@npr.org,Female
644,Lemmy,lthorbyhv@chronoengine.com,Male
645,Myrtice,mskeweshw@stumbleupon.com,Agender
646,Shellysheldon,sdovydenashx@dell.com,Male
647,Lenore,lsollyhy@ted.com,Female
648,Nessie,ngrosvenerhz@indiatimes.com,Female
649,Gilberta,ggoldbyi0@mac.com,Female
650,Andras,agogartyi1@homestead.com,Male
651,Halley,hcalrowi2@un.org,Female
652,Jany,jbarzeni3@sina.com.cn,Female
653,Gray,gclashi4@mozilla.com,Female
654,Jillie,jeaglestonei5@g.co,Female
655,Torrance,tdixeyi6@wordpress.com,Male
656,Chlo,ctruemani7@nifty.com,Female
657,Esmeralda,eambrodii8@toplist.cz,Genderqueer
658,Brnaba,bipsgravei9@artisteer.com,Male
659,Gwendolen,glestrangeia@geocities.com,Female
660,Donny,dsherrockib@oaic.gov.au,Genderqueer
661,Cinda,cschonfeldic@ameblo.jp,Female
662,Lucais,lbreachid@berkeley.edu,Male
663,Town,thowdenie@pen.io,Male
664,Kristel,kgomarif@360.cn,Female
665,Delia,ddheninig@about.com,Female
666,Lark,lmarzeloih@icio.us,Female
667,Marline,mbargeryii@usda.gov,Female
668,Kalina,kstrippij@huffingtonpost.com,Female
669,Brody,bgraserik@ask.com,Male
670,Milka,mwigginsil@t-online.de,Female
671,Reagan,rlaycockim@ycombinator.com,Male
672,Kippie,kalessandrettiin@flavors.me,Female
673,Sosanna,scrinsonio@stanford.edu,Female
674,Cletis,csprattip@pbs.org,Male
675,Viviyan,vgrzegorekiq@wufoo.com,Female
676,Colline,chandlinir@fema.gov,Female
677,Juan,jwaterhousis@biglobe.ne.jp,Male
678,Bartholemy,btomczykiewiczit@list-manage.com,Male
679,Siana,sgiacobilioiu@ed.gov,Female
680,Malanie,mdevilleiv@topsy.com,Female
681,Auria,agiddingsiw@goo.gl,Female
682,Erek,ematulaix@answers.com,Male
683,Dorita,dchadwelliy@blinklist.com,Female
684,Gage,ghandscombeiz@soup.io,Genderfluid
685,Ephraim,egopsallj0@ucoz.ru,Male
686,Emily,egrievsonj1@flavors.me,Female
687,Hank,hferrelij2@networkadvertising.org,Male
688,Johny,jboamj3@php.net,Genderfluid
689,Bennie,bpontainj4@mozilla.com,Male
690,Imojean,isoreyj5@berkeley.edu,Female
691,Bonnee,bjirasj6@ycombinator.com,Female
692,Bennie,bverrallsj7@tuttocitta.it,Male
693,Blinnie,bsabbinsj8@intel.com,Female
694,Alyse,asullensj9@cocolog-nifty.com,Female
695,Vasily,vbellardja@creativecommons.org,Male
696,Haley,hvigorsjb@usa.gov,Female
697,Jessika,jitzcovichchjc@cdbaby.com,Female
698,Viki,vkegginsjd@paypal.com,Female
699,Guss,gknipeje@usa.gov,Male
700,Rafaello,rsyversenjf@alibaba.com,Bigender
701,Aubine,aculshawjg@fc2.com,Female
702,Milena,msebirejh@bluehost.com,Female
703,Waylan,wlokierji@nba.com,Male
704,Billi,bbrackjj@dailymail.co.uk,Female
705,Jena,jgulcjk@umich.edu,Female
706,Law,lolorenshawjl@intel.com,Male
707,Wilden,wbimsjm@facebook.com,Male
708,Saleem,sjandourekjn@webs.com,Male
709,Ned,nlegisterjo@goo.gl,Male
710,Ina,ilowersonjp@purevolume.com,Agender
711,Bonnie,badanetjq@qq.com,Female
712,Cleve,cklossmannjr@seesaa.net,Male
713,Ware,wpelosjs@sogou.com,Male
714,Thalia,tfreckinghamjt@goodreads.com,Genderfluid
715,Ewell,ebellhamju@joomla.org,Male
716,Ryon,rplayerjv@opera.com,Male
717,Lola,lvalleryjw@msn.com,Female
718,Pat,plowbridgejx@guardian.co.uk,Polygender
719,Zoe,zaddinalljy@guardian.co.uk,Female
720,Sosanna,shuyhtonjz@tiny.cc,Female
721,Willdon,wcamillok0@freewebs.com,Male
722,Marcelo,mbenningerk1@kickstarter.com,Male
723,Farrand,fpragnellk2@whitehouse.gov,Female
724,August,adartk3@nature.com,Male
725,Ame,anorthingk4@nydailynews.com,Genderfluid
726,Gus,gaizikowitzk5@over-blog.com,Male
727,Cletis,crhodusk6@bing.com,Male
728,Jed,jtrehernek7@friendfeed.com,Male
729,Martino,mkirmank8@cpanel.net,Male
730,Rennie,rpeyek9@ibm.com,Female
731,Finley,finnocentka@pbs.org,Male
732,Reiko,rridewoodkb@sphinn.com,Female
733,Simonette,sminorkc@shareasale.com,Female
734,Krisha,klamploughkd@edublogs.org,Male
735,Marcelle,mwolstenholmeke@posterous.com,Female
736,Lalo,lgadsdonkf@webs.com,Male
737,Fernandina,flindenblattkg@163.com,Female
738,Henrie,hsponkh@dropbox.com,Female
739,Dora,dgodlipki@huffingtonpost.com,Female
740,Rita,rchecchikj@theatlantic.com,Female
741,Antone,aheatherkk@ca.gov,Male
742,Sven,sfairykl@bravesites.com,Male
743,Estell,eyegorchenkovkm@deviantart.com,Female
744,Katrinka,kbraycottonkn@globo.com,Female
745,Cassaundra,cbeamontko@barnesandnoble.com,Non-binary
746,Coop,cwontnerkp@liveinternet.ru,Male
747,Shanon,sspinettikq@bloglines.com,Bigender
748,Urson,ubuckbeekr@epa.gov,Male
749,Lorry,lgoodlipks@europa.eu,Female
750,Goddard,gdipietrokt@ox.ac.uk,Male
751,Kyrstin,kassanteku@toplist.cz,Female
752,Oswald,ogeffenkv@so-net.ne.jp,Male
753,Pippo,pleechmankw@ovh.net,Male
754,Nissy,nmoverleykx@wp.com,Female
755,Dilan,dcaseborneky@time.com,Male
756,Prescott,psthillkz@wikia.com,Male
757,Zola,zogianyl0@boston.com,Female
758,Godfry,gminchinl1@ed.gov,Male
759,Ann-marie,amarusyakl2@rakuten.co.jp,Female
760,Yolane,ybuyl3@stumbleupon.com,Genderfluid
761,Deena,dszwarcl4@archive.org,Female
762,Pepita,pducroel5@hexun.com,Female
763,Genny,gstanyonl6@networkadvertising.org,Female
764,Jerrylee,jpentycrossl7@t.co,Female
765,Zechariah,zpextonl8@prweb.com,Male
766,Constancy,cgallearl9@cmu.edu,Female
767,Shadow,sswatmanla@washingtonpost.com,Male
768,Holly-anne,hbuxceylb@themeforest.net,Female
769,Gerick,gseagolc@sitemeter.com,Male
770,Lilith,lsindleld@craigslist.org,Female
771,Nona,nbyarsle@rambler.ru,Female
772,Idaline,iisaqlf@arstechnica.com,Female
773,Caddric,cfeaklg@yahoo.co.jp,Male
774,Nari,nkynmanlh@sitemeter.com,Female
775,Shelby,storrecillali@imdb.com,Genderqueer
776,Millie,mgrimsdykelj@alibaba.com,Female
777,Arly,akiddelk@ft.com,Female
778,Felicle,fondrall@livejournal.com,Female
779,Bink,bmcmanamanlm@guardian.co.uk,Male
780,Ariela,aoreillyln@diigo.com,Female
781,Luella,lblacklidgelo@illinois.edu,Female
782,Elisabeth,ekeellp@ucla.edu,Female
783,Francesco,fberthelmotlq@cdbaby.com,Male
784,Bertrand,bkeemarlr@mapy.cz,Male
785,Dollie,ddoels@businessinsider.com,Female
786,Thane,tpounderlt@latimes.com,Male
787,Derron,ddunsmuirlu@europa.eu,Non-binary
788,Zelda,zmonsonlv@yelp.com,Female
789,Maddi,msamarthlw@bluehost.com,Female
790,Jason,jcucinottalx@yolasite.com,Male
791,Kirsti,kbrimhamly@wiley.com,Female
792,Verine,vscandritelz@uiuc.edu,Female
793,Vaughn,vgaynesfordm0@un.org,Male
794,Nanny,ntrunchionm1@nhs.uk,Bigender
795,Maure,mtomkissm2@joomla.org,Female
796,Darlleen,dtofanom3@posterous.com,Female
797,Yvette,ygodfreym4@wordpress.com,Female
798,Bria,bfarninm5@dagondesign.com,Female
799,Urbanus,uerangym6@ow.ly,Male
800,Kelli,kacombm7@mit.edu,Female
801,Bryn,bcoldwellm8@dion.ne.jp,Male
802,Geneva,gguidenm9@ihg.com,Female
803,Terrel,ttubrittma@is.gd,Male
804,Quintilla,qbissikermb@creativecommons.org,Female
805,Ricky,rwasylkiewiczmc@usgs.gov,Male
806,Aube,ashaylermd@cafepress.com,Male
807,Jeth,jdrohaneme@gov.uk,Male
808,Boot,bganfordmf@infoseek.co.jp,Male
809,Chantalle,cnoicemg@weibo.com,Female
810,Tucker,thurrellmh@multiply.com,Male
811,Pedro,pgroommi@ebay.com,Male
812,Eberhard,edudlestonmj@oracle.com,Non-binary
813,Bettina,btroddenmk@webeden.co.uk,Female
814,Devan,dwittringtonml@freewebs.com,Genderfluid
815,Anders,abendlemm@usnews.com,Male
816,Giustino,gbarnetmn@techcrunch.com,Bigender
817,Feliza,ffeldsternmo@shinystat.com,Female
818,Nan,nsudronmp@cbsnews.com,Female
819,Bonni,babbemq@printfriendly.com,Female
820,Bald,bfreezermr@wisc.edu,Male
821,Torin,ttitteringtonms@google.com,Male
822,Kristoforo,karbucklemt@sina.com.cn,Male
823,Engracia,eeddisforthmu@dedecms.com,Female
824,Anthony,awalkeymv@phoca.cz,Male
825,Garvin,gvedyasovmw@sakura.ne.jp,Male
826,Gris,gcarmodymx@tumblr.com,Male
827,Bondie,bskimmy@elegantthemes.com,Male
828,Rab,rkrauzemz@google.com.hk,Male
829,Lazaro,ljennemannn0@umn.edu,Male
830,Wyndham,wepiscopion1@newyorker.com,Male
831,Rowland,rcuminen2@w3.org,Male
832,Mackenzie,malvyn3@weebly.com,Male
833,Benedick,bklugeln4@mlb.com,Male
834,Ellsworth,edallawayn5@wisc.edu,Male
835,Gerek,ggisburnen6@nba.com,Male
836,Gian,gattersolln7@youtube.com,Male
837,Gill,gblasettin8@time.com,Male
838,Carr,cgallern9@apache.org,Male
839,Elfrieda,eprantonina@google.com.au,Female
840,Jakob,jplowrightnb@toplist.cz,Male
841,Alwin,ahebdennc@hibu.com,Male
842,John,jyoakleynd@mashable.com,Male
843,Franklin,farnoppne@nifty.com,Male
844,Mauricio,mmagnernf@dailymail.co.uk,Male
845,Jedd,jivyng@bizjournals.com,Male
846,Antoine,aboylundnh@de.vu,Male
847,Dana,dpaolinoni@businessweek.com,Male
848,Emili,edimmacknj@samsung.com,Female
849,Anderea,atubblesnk@prnewswire.com,Female
850,Bridgette,bpikettnl@nba.com,Female
851,Nevil,nodoghestynm@yahoo.com,Male
852,Taffy,tembletonnn@exblog.jp,Female
853,Tarrance,tmaykinno@typepad.com,Male
854,Albrecht,acastaignetnp@imdb.com,Male
855,Rabi,rpeacenq@example.com,Male
856,Baird,bkelfnr@hibu.com,Male
857,Christalle,ctoquetns@oakley.com,Female
858,Bette,bbatistellint@constantcontact.com,Non-binary
859,Laurene,lsimaneknu@economist.com,Female
860,Ardra,acocksnv@rambler.ru,Female
861,Jessa,jgrenternw@goo.ne.jp,Agender
862,Zia,zvanmerwenx@ft.com,Female
863,Dulciana,dpadfieldny@t-online.de,Female
864,Audi,abuckwellnz@wikimedia.org,Female
865,Joyan,jmaynardo0@berkeley.edu,Female
866,Upton,uhinero1@tinypic.com,Male
867,Abba,acucksono2@sitemeter.com,Non-binary
868,Bald,bjacmaro3@scientificamerican.com,Male
869,Tawnya,tlesslieo4@bing.com,Female
870,Tandi,tmandyo5@shareasale.com,Female
871,Deloria,dandriesseno6@oakley.com,Female
872,Lemar,lsartino7@state.gov,Male
873,Evered,esirrello8@trellian.com,Male
874,Nicolis,nstoteo9@t-online.de,Male
875,Cacilie,ctedorenkooa@etsy.com,Female
876,Garold,gmussettiniob@howstuffworks.com,Male
877,Temp,tmewburnoc@hud.gov,Male
878,June,jkobieraod@disqus.com,Female
879,Julie,jkyndredoe@washingtonpost.com,Male
880,Karalee,kbatthewof@hud.gov,Female
881,Tann,tshingfieldog@ucoz.com,Bigender
882,Doloritas,dmcgillecoleoh@barnesandnoble.com,Female
883,Yard,yknaggesoi@pinterest.com,Male
884,Silvana,sbrainsbyoj@amazon.co.uk,Female
885,Leroy,lwayok@nba.com,Male
886,Ken,kcarlyleol@de.vu,Male
887,Trenton,trobkenom@privacy.gov.au,Male
888,Doll,dbreenson@acquirethisname.com,Female
889,Nolana,nmeenehanoo@latimes.com,Genderqueer
890,Leanor,lzelnerop@msn.com,Bigender
891,Gal,gmcgarrahanoq@technorati.com,Male
892,Phil,pbottomleyor@deviantart.com,Female
893,Sarita,sfrippos@devhub.com,Female
894,Laurie,ltantumot@tripadvisor.com,Male
895,Ruprecht,raltenou@apache.org,Male
896,Zora,zhawesov@etsy.com,Female
897,Darin,dcunningtonow@businessweek.com,Male
898,Rahel,rsimonouox@tiny.cc,Female
899,Audy,abirbeckoy@nasa.gov,Female
900,Honey,hlenormandoz@elpais.com,Female
901,Noellyn,norwinp0@1688.com,Female
902,Karlie,krudgerdp1@irs.gov,Female
903,Derrek,druosp2@statcounter.com,Male
904,Boote,bgeibelp3@flavors.me,Male
905,Ringo,rgravestonp4@nasa.gov,Male
906,Kellia,kkinnyp5@lulu.com,Female
907,Honey,hstansburyp6@nsw.gov.au,Female
908,Hagan,hreekp7@pcworld.com,Male
909,Justis,jhallp8@github.io,Male
910,Patty,pmalekp9@epa.gov,Female
911,Herrick,hworsnuppa@aol.com,Male
912,Erda,eilbertpb@yahoo.co.jp,Female
913,Hilly,hpesekpc@patch.com,Male
914,Marjy,mpickerellpd@usatoday.com,Female
915,Kellina,kvirginpe@topsy.com,Female
916,Hasty,hdebeauchamppf@chron.com,Male
917,Lise,lkitleepg@photobucket.com,Female
918,Theodore,tsudellph@photobucket.com,Male
919,Dedie,dspickettpi@google.ca,Female
920,Marcela,mwelchmanpj@whitehouse.gov,Female
921,Janis,jbartlomiejpk@twitter.com,Female
922,Robbi,rellamanpl@dyndns.org,Female
923,Cornelia,cspinolapm@themeforest.net,Female
924,Kermy,kcroixpn@pinterest.com,Male
925,Susana,sridgwaypo@furl.net,Female
926,Kermy,kdalwoodpp@amazon.com,Male
927,Gordan,gartispq@squidoo.com,Agender
928,Dollie,dlissandripr@ezinearticles.com,Polygender
929,Janaya,jbailessps@home.pl,Female
930,Urbain,ublankenshippt@cloudflare.com,Male
931,Grange,gplanepu@homestead.com,Male
932,Janina,jinmettpv@people.com.cn,Female
933,Scarface,sjzakpw@cargocollective.com,Male
934,Tirrell,tshoubridgepx@github.com,Male
935,Myca,msixsmithpy@spotify.com,Male
936,Orelia,opeckittpz@is.gd,Female
937,Jermaine,jnicholasq0@dot.gov,Male
938,Bradly,bkettellq1@biblegateway.com,Male
939,Ardelia,astrathmanq2@cbslocal.com,Female
940,Edgar,ejanzq3@paginegialle.it,Male
941,Elwood,epowderq4@ocn.ne.jp,Male
942,Mariette,mbavinq5@artisteer.com,Female
943,Cooper,cmacallamq6@mtv.com,Male
944,Julietta,jmacaleesq7@sina.com.cn,Female
945,Kleon,ksrawleyq8@nhs.uk,Polygender
946,Shalom,swoodersonq9@oaic.gov.au,Genderqueer
947,Alvira,ablanchqa@reference.com,Female
948,Flora,fbardayqb@wordpress.com,Female
949,Pen,pfrentzqc@desdev.cn,Bigender
950,Duke,dludwigqd@ted.com,Male
951,Royall,rcodaqe@biblegateway.com,Male
952,Addy,awattingqf@miitbeian.gov.cn,Female
953,Pascale,ppeteriqg@g.co,Male
954,Marcelo,mcastanaqh@rediff.com,Male
955,Boonie,bblackadderqi@bbc.co.uk,Male
956,Dell,dharlockqj@admin.ch,Male
957,Hyacinth,hgaggenqk@yellowbook.com,Female
958,Thelma,tofergusql@webeden.co.uk,Female
959,Prentiss,pcrennanqm@constantcontact.com,Male
960,Marissa,mshivellqn@mtv.com,Female
961,Hastings,hmichelqo@google.nl,Male
962,Reamonn,rluckhurstqp@merriam-webster.com,Polygender
963,Libbey,lwestbyqq@exblog.jp,Female
964,Garwin,gtrustrieqr@pbs.org,Male
965,Henriette,hpacheqs@arstechnica.com,Female
966,Burke,bkimminceqt@jimdo.com,Male
967,Petr,pstowerqu@elegantthemes.com,Male
968,Micah,mfranzenqv@japanpost.jp,Male
969,Arleyne,achesleyqw@bloglines.com,Female
970,Geneva,gboxqx@ehow.com,Female
971,Cherlyn,cgeallqy@wufoo.com,Female
972,Wilburt,wglandonqz@aol.com,Male
973,Glenda,gmottonr0@sphinn.com,Female
974,Nicola,nknibleyr1@php.net,Male
975,Shelbi,scissonr2@java.com,Agender
976,Dall,dwitteringr3@npr.org,Male
977,Gerda,gpawlickr4@tripod.com,Genderfluid
978,Tara,tsheddenr5@mozilla.com,Female
979,Conan,cveltir6@is.gd,Male
980,Rip,rcolleter7@creativecommons.org,Male
981,Garwood,gdressellr8@devhub.com,Male
982,Prisca,pquirker9@si.edu,Female
983,Jennie,jlehonra@xinhuanet.com,Female
984,Rafaello,rsnodayrb@zdnet.com,Male
985,Larina,lcarpenterrc@foxnews.com,Polygender
986,Sean,sstorresrd@mac.com,Male
987,Cordula,cchamberlainre@princeton.edu,Female
988,Claiborn,cthinnrf@1688.com,Male
989,Stanly,sspeedingrg@istockphoto.com,Male
990,Hort,hvellrh@wordpress.com,Male
991,Marnia,mhandysideri@cnet.com,Bigender
992,Anson,ahovellrj@nature.com,Male
993,Nick,nloghanrk@youtube.com,Male
994,Tammie,tgonnetrl@gmpg.org,Male
995,Natasha,nshippardrm@sourceforge.net,Genderqueer
996,Elli,ederringtonrn@yellowpages.com,Female
997,Heriberto,hglendzerro@themeforest.net,Male
998,Junina,jmoriartyrp@umn.edu,Female
999,Dianemarie,dpastorrq@angelfire.com,Polygender
1000,Kathie,ktimbridgerr@reference.com,Female
